sharepoint_item_id,short_name,name,country_iso2,country_name,source
"182","IdiPAZ","La Paz University Hospital ","ESP","ESP","sharepoint"
"188","IISLFe","Instituto de Investigación Sanitaria La Fe","ESP","ESP","sharepoint"
"195","CRC Geneva","Centre de Recherche Clinique Hôpitaux Universitaires de Genève  ","CHE","CHE","sharepoint"
"196","CTC Maastricht","Clinical Trial Center Maastricht","NLD","NLD","sharepoint"
"197","LIH","Luxembourg Institute of Health (LIH)","LUX","LUX","sharepoint"
"198","IPCZD","Children's Memorial Health Institute","POL","POL","sharepoint"
"199","CRT","Clinical Research Technology Srl","ITA","ITA","sharepoint"
"200","GUM","Medical University of Gdansk","POL","POL","sharepoint"
"201","UMED","UNIWERSYTET MEDYCZNY ","POL","POL","sharepoint"
"202","UCD-CRC","University College Dublin","IRL","IRL","sharepoint"
"203","Pharmassist , Athens","PHARMASSIST Ltd","GRC","GRC","sharepoint"
"204","AIDFM  CETERA","AIDFM - Associação para Investigação e Desenvolvimento da Faculdade de
Medicina","PRT","PRT","sharepoint"
"205","CTI","Cancer Trials Ireland ","IRL","IRL","sharepoint"
"206","CHU Nice","CENTRE HOSPITALIER UNIVERSITAIRE DE NICE","FRA","FRA","sharepoint"
"207","CCS Erlangen","Universitätsklinikum Erlangen Center for Clinical Studies (CCS)","DEU","DEU","sharepoint"
"208","CTC Zürich","CTC Zurich","CHE","CHE","sharepoint"
"209","CTU OUH","Oslo University Hospital","NOR","NOR","sharepoint"
"210","MONIPOL","MONIPOL Clinical Research","POL","POL","sharepoint"
"245","Vizera, Ljubljana","Vizera d.o.o.","SVN","SVN","sharepoint"
"246","IZKS Mainz","Interdisciplinary Center for Clinical Trials (IZKS)","DEU","DEU","sharepoint"
"248","ZKS MHH","Hannover Medical School (MHH)","DEU","DEU","sharepoint"
"250","SZ-UMG","UMG Clinical Trials Unit (Studienzentrum UMG)","DEU","DEU","sharepoint"
"253","SMERUD","Smerud Medical Research International AS","NOR","NOR","sharepoint"
"254","MCRN","MCRN Hungary","HUN","HUN","sharepoint"
"257","HRI UL","University of Limerick Health Research Institute","IRL","IRL","sharepoint"
"258","INFANT UCC","INFANT UCC","IRL","IRL","sharepoint"
"260","CRF-G","HRB Clinical Research Facility Galway, NUI Galway","IRL","IRL","sharepoint"
"262","CRU2C","Clinical Research Unit, University of Coimbra - CRU2C","PRT","PRT","sharepoint"
"267","WMU","Wroclaw Medical University","POL","POL","sharepoint"
"268","Monitoring Force","Monitoring Force Services","FRA","FRA","sharepoint"
"269","CTC IRST","IRCCS Istituto Romagnolo per lo Studio dei Tumori ""Dino Amadori"" - IRST
S.r.l.","ITA","ITA","sharepoint"
"270","CTU Nijmegen","Radboudumc","NLD","NLD","sharepoint"
"273","KKS Innsbruck","Medizinische Universität Innsbruck - Kompetenzzentrum für klinische
Studien KKS","AUT","AUT","sharepoint"
"279","CTC UPJS","Pavol Jozef Šafárik University in Košice","SVK","SVK","sharepoint"
"280","KKS Vienna","Clinical Trials Coordination/ Centre Medical University of Vienna, ","AUT","AUT","sharepoint"
"281","JCR Utrecht","Julius Clinical Research B.V. ","NLD","NLD","sharepoint"
"284","CHU Grenoble","CHU GRENOBLE ALPES","FRA","FRA","sharepoint"
"288","ZKS Freiburg","Clinical Trials Unit - Zentrum Klinische Studien, Freiburg","DEU","DEU","sharepoint"
"302","Scandinavian CRO","Scandinavian CRO AB","SWE","SWE","sharepoint"
"309","CTC MU","Masaryk University - Faculty of Medicine, Center of Excellence CREATIC","CZE","CZE","sharepoint"
"317","AP-HP","Assistance Publique - Hôpitaux de Paris","FRA","FRA","sharepoint"
"318","CMUJ","Jagiellonian University ","POL","POL","sharepoint"
"319","CTU Bern","Department of Clinical Research (DCR)","CHE","CHE","sharepoint"
"320","CTC MEYER1","University Hospital Careggi (AOUC)","ITA","ITA","sharepoint"
"321","CTU Groningen","University Medical Center Groningen (UMCG)","NLD","NLD","sharepoint"
"322","CRC Lausanne","Centre hospitalier universitaire vaudois (CHUV)/Centre de recherche clinique (CRC) Lausanne","CHE","CHE","sharepoint"
"324","CTU-EOC Lugano","Clinical Trial Unit - Ente Ospedaliero Cantonale","CHE","CHE","sharepoint"
"325","CTU ISABIAL","The Health and Biomedical Research Institute Hospital Alicante (ISABIAL)","ESP","ESP","sharepoint"
"326","CTU IRBLleida","Institut de Recerca Biomèdica de Lleida-Fundació Dr.Pifarré","ESP","ESP","sharepoint"
"327","USZ CCCT","University of Szeged Competence Centre for Drug Development and Clinical
Trials","HUN","HUN","sharepoint"
"329","CRO Fondation Force","Fondation Force","FRA","FRA","sharepoint"
"331","CTU HUS","Helse Bergen HF","NOR","NOR","sharepoint"
"332","HCEMM","HCEMM Nonprofit Kft.","HUN","HUN","sharepoint"
"333","Latis","Latis Srl","ITA","ITA","sharepoint"
"334","CTU St. Gallen","HOCH Health Ostschweiz, Kantonsspital St. Gallen, Clinical Trials Unit","CHE","CHE","sharepoint"
"335","IRFMN","Istituto di Ricerche Farmacologiche Mario Negri IRCCS","ITA","ITA","sharepoint"
"336","CORESEARCH","Center for Outcomes Research and Clinical Epidemiology- CORESEARCH srl","ITA","ITA","sharepoint"
"337","GIMEMA","Fondazione GIMEMA - Franco Mandelli onlus","ITA","ITA","sharepoint"
"338","DAIRI","Azienda Ospedaliero-Universitaria SS. Antonio e Biagio e Cesare Arrigo","ITA","ITA","sharepoint"
"339","","1 Wojskowy Szpital Kliniczny z Polikliniką Samodzielny Publiczny Zakład
Opieki Zdrowotnej","POL","POL","sharepoint"
"340","NIGRIR","National Institute of Geriatrics, Rheumatology and Rehabilitation","POL","POL","sharepoint"
"341","CTU UNN","University Hospital of North Norway","NOR","NOR","sharepoint"
"342","CTC MEYER","Azienda Ospedaliera Universitaria Meyer IRCCS","ITA","ITA","sharepoint"
"343","CHRU Lille","Centre hospitalier universitaire de Lille","FRA","FRA","sharepoint"
"344","HCF Onlus","Fondazione per il Tuo cuore","ITA","ITA","sharepoint"
"345","","Unidad de Apoyo a la Investigación Clínica del Hospital Universitario de
La Princesa","ESP","ESP","sharepoint"
"346","CTU-IDIVAL","Fundación Instituto Marqués de Valdecilla (IDIVAL)","ESP","ESP","sharepoint"
"347","IRyCIS","Fundación Investigación Biomédica Hospital Ramón y Cajal","ESP","ESP","sharepoint"
"348","CTU IISFJD","FUNDACION JIMENEZ DIAZ HEALTH RESEARCH INSTITUTE","ESP","ESP","sharepoint"
"349","FVR ","Unidad de Investigación Clínica y apoyo a ensayos clínicos-IBIS","ESP","ESP","sharepoint"
"350","VHIR","Fundació Hospital Universitari Vall d'Hebron - Institut de Recerca
(VHIR)","ESP","ESP","sharepoint"
"384","","Uniwersyteckie Centrum Wsparcia Badań Klinicznych w Poznaniu ","POL","POL","sharepoint"
"386","","Clinical Research Unit-RISE (CRU-RISE)","PRT","PRT","sharepoint"
"387","","Meyer Children's Hospital IRCCS","ITA","ITA","sharepoint"
"390","SZB","Clinical Study Core Unit (Studienzentrale SZB)","DEU","DEU","sharepoint"
"392","UP CCCT","University of Pécs","HUN","HUN","sharepoint"
"393","KKS HD","Coordination Centre for Clinical Trials (KKS), Medical Faculty &
University Hospital Heidelberg","DEU","DEU","sharepoint"
"394","","ZKS Tuebingen (Univeristy Hospital Tuebingen)","DEU","DEU","sharepoint"
"395","","Koordinierungszentrum für Klinische Studien Düsseldorf","DEU","DEU","sharepoint"
"396","","Medical Research Institute of New Zealand","NZL","NZL","sharepoint"
"398","DKF Basel","Departement Klinische Forschung (DKF) Basel","CHE","CHE","sharepoint"
"400","2CA Braga","Clinical Academic Center-Braga (2CA-Braga)","PRT","PRT","sharepoint"
"401","BiCRO","UNIVERSITÀ DEGLI STUDI DI MILANO - BICOCCA - BiCRO","ITA","ITA","sharepoint"
"405","AIDFM  CETERA","AIBILI - Association for Innovation and Biomedical Research on Light and
Image","PRT","PRT","sharepoint"
"407","ZKS Leipzig","Zentrum für Klinische Studien Leipzig ","DEU","DEU","sharepoint"
"408","","Asociacion Instituto de Investigacion Sanitaria Biobiizkaia (formerly
Biocruces Bizkaia)","ESP","ESP","sharepoint"
"409","","Coordination Centre for Clinical Trials, Dresden University of
Technology, Faculty of Medicine Carl Gustav Carus","DEU","DEU","sharepoint"
"410","FUNCANIS","Fundación Instituto de Investigación Sanitaria de Santiago de Compostela ","ESP","ESP","sharepoint"
"411","","HRB-Clinical Research Facility- UCC","IRL","IRL","sharepoint"
"412","","NOVA Clinical Research Unit, NOVA Medical School, NOVA University of
Lisbon","PRT","PRT","sharepoint"
"413","","Institut biostatistiky a analýz, s.r.o.","CZE","CZE","sharepoint"
"414","YGHEA","Yghea - CRO Division of Ecol Studio SpA","ITA","ITA","sharepoint"
"415","","Stichting Het Nederlands Kanker Instituut - Antoni van Leeuwenhoek
ziekenhuis","NLD","NLD","sharepoint"
"416","","Labiom Institute d.o.o.","SVN","SVN","sharepoint"
"417","","Medical University of Bialystok","POL","POL","sharepoint"
"418","IBIMA","IBIMA ","ESP","ESP","sharepoint"
"419","","Instituto Maimónides de Investigación Biomédica de Córdoba","ESP","ESP","sharepoint"
"421","","Instituto de Investigación Sanitario del Hospital Clínico San
Carlos-IdISSC.","ESP","ESP","sharepoint"
"424","UP CCCT","Technical University Munich, School of Medicine, Muenchner
Studienzentrum","DEU","DEU","sharepoint"
"429","CUN","Koordinierungszentrum für Klinische Studien Universitätsklinikum","DEU","DEU","sharepoint"
"430","","RMC Consult GmbH & Co.KG, Grenzach-Wyhlen","DEU","DEU","sharepoint"
"431","ZKS Kiel","Universitâtsklinikum Schleswig-Holstein (UKSH), ZKS Kiel/IMIS, Kiel,","DEU","DEU","sharepoint"
"432","","Institut für Pharmakologie am Klinikum, Bremen-Mitte","DEU","DEU","sharepoint"
"433","","Clinical Study Center of the Charité/Berlin institute of health","DEU","DEU","sharepoint"
"435","CTC Gemelli","UICEC Hospital Universitario de Badajoz/Centro de Investigación Clínica
del Área de Badajoz","ESP","ESP","sharepoint"
"438","GIMEMA","Insitut Universitari d'Investigació en Atenció Primària Jordi Gol
(IDIAPJGol)","ESP","ESP","sharepoint"
"439","IRyCIS","Biodonostia Health Research Institute","ESP","ESP","sharepoint"
"440","Crown CRO Espoo","Fundació Institut d'Investigació en Ciències de la Salut Germans Trias i
Pujol (IGTP)","ESP","ESP","sharepoint"
"441","","Unidad de Apoyo a la Investigación/ INIBIC-FPNS_INSTITUTO INVEST BIOMEDICA DE LA CORUÑA:","ESP","ESP","sharepoint"
"443","IDIAPJG","FUNDACIÓN CANARIA INSTITUTO DE INVESTIGACIÓN SANITARIA DE CANARIAS
(FIISC) ","ESP","ESP","sharepoint"
"446","CTU-IDIVAL","Institut d'Investigació Biomédica de Bellvitge (IDIBELL)","ESP","ESP","sharepoint"
"448","CD Pharma","Crown CRO Oy","FIN","FIN","sharepoint"
"457","HCF Onlus","CIRM-Consorzio Italiano per la Ricerca in Biomedicina","ITA","ITA","sharepoint"
"460","CTU Copenhagen","The Cardinal Stefan Wyszyński National Institute of Cardiology","POL","POL","sharepoint"
"465","COMAC Sofia","Romania Local compagny:CGT Cardiomed CRO","ROU","ROU","sharepoint"
"469","","Instituto de Investigación Sanitaria Aragón (IIS Aragón)","ESP","ESP","sharepoint"
"470","","Center for Translational & Clinical Research Aachen (CTC-A)","DEU","DEU","sharepoint"
"471","","UAB Biomapas","LTU","LTU","sharepoint"
"472","","FFIS-IMIB","ESP","ESP","sharepoint"
"473","","Fundación de Investigación Biomédica de Salamanca (FIBSAL)","ESP","ESP","sharepoint"
"474","","DataRiver Srl","ITA","ITA","sharepoint"
"475","CTU Amsterdam","Fundación Biomédica Galicia Sur","ESP","ESP","sharepoint"
"476","CTU IISGS","The Copenhagen Trial Unit , Centre for clinical intervention research, Copenhagen","DNK","DNK","sharepoint"
"477","FIBAO","Biomedical Research Institute of Málaga, IBIMA   Calle Dr. Miguel Díaz Recio, 28, 29010 Málaga","ESP","ESP","sharepoint"
"478","CTU-INCLIVA","Fundacio Clinic/HOSPITAL CLINICO Y PROVINCIAL DE BARCELONA IDIBAPS CTU clinic","ESP","ESP","sharepoint"
"479","TMP INIBIC FPNS","Instituto de Investigación Biosanitaria de Granada (ibs.Granada)/Fundación para la Investigación Biosanitaria de Andalucía Oriental Alejandro Otero (FIBAO).","ESP","ESP","sharepoint"
"480","IMIBIC","Asociación Instituto de Investigación Sanitaria Biocruces Bizkaia","ESP","ESP","sharepoint"
"481","IISSC","CENTRO DE INVESTIGACIÓN BIOMÉDICA NAVARRABIOMED-FUNDACIÓN MIGUEL SERVET","ESP","ESP","sharepoint"
"482","IBIMA","Instituto Maimónides de Investigación Biomédica de Córdoba","ESP","ESP","sharepoint"
"483","CTU IBSAL","Instituto de Investigación Biomédica del Hospital Universitario 12 de
Octubre","ESP","ESP","sharepoint"
"485","Biodonostia","INCLIVA. FUNDACIÓN PARA LA INVESTIGACIÓN DEL HOSPITAL CLÍNICO DE LA
COMUNIDAD VALENCIANA","ESP","ESP","sharepoint"
"486","KTA Stockholm","COMAC South Side Business Centre","BGR","BGR","sharepoint"
"487","CTU-IGTP","Institut de Recerca de l'Hospital de la Santa Creu i Sant Pau - IIB Sant
Pau","ESP","ESP","sharepoint"
"488","","Centre for Clinical Trials Münster (ZKS Münster)","DEU","DEU","sharepoint"
"489","ZKS-UW/H","ZKS-UW/H, Witten/Herdecke University","DEU","DEU","sharepoint"
"490","","LINK Medical","NOR","NOR","sharepoint"
"491","","Istituto Oncologico Veneto IOV IRCCS","ITA","ITA","sharepoint"
"492","","Global Medical Services Polska sp. z o.o.","POL","POL","sharepoint"
"493","","Centre Hospitalier Universitaire de Lille","FRA","FRA","sharepoint"
"494","","Creative Pharma & HR Services S.M.S.A.","GRC","GRC","sharepoint"